Index,True_Label,Label_Text
0,0,NORMAL
1,1,FRAUD
2,1,FRAUD
3,0,NORMAL
4,1,FRAUD
5,1,FRAUD
6,0,NORMAL
7,1,FRAUD
8,1,FRAUD
9,0,NORMAL
10,1,FRAUD
11,1,FRAUD
12,1,FRAUD
13,0,NORMAL
14,0,NORMAL
15,1,FRAUD
16,1,FRAUD
17,0,NORMAL
18,1,FRAUD
19,0,NORMAL
20,0,NORMAL
21,1,FRAUD
22,1,FRAUD
23,0,NORMAL
24,1,FRAUD
25,0,NORMAL
26,1,FRAUD
27,1,FRAUD
28,1,FRAUD
29,1,FRAUD
30,0,NORMAL
31,1,FRAUD
32,0,NORMAL
33,1,FRAUD
34,1,FRAUD
35,0,NORMAL
36,0,NORMAL
37,1,FRAUD
38,0,NORMAL
39,0,NORMAL
40,1,FRAUD
41,0,NORMAL
42,0,NORMAL
43,1,FRAUD
44,1,FRAUD
45,0,NORMAL
46,1,FRAUD
47,1,FRAUD
48,0,NORMAL
49,0,NORMAL
50,0,NORMAL
51,1,FRAUD
52,1,FRAUD
53,0,NORMAL
54,1,FRAUD
55,0,NORMAL
56,1,FRAUD
57,0,NORMAL
58,1,FRAUD
59,0,NORMAL
60,0,NORMAL
61,0,NORMAL
62,1,FRAUD
63,1,FRAUD
64,0,NORMAL
65,1,FRAUD
66,0,NORMAL
67,1,FRAUD
68,1,FRAUD
69,1,FRAUD
70,0,NORMAL
71,0,NORMAL
72,0,NORMAL
73,1,FRAUD
74,1,FRAUD
75,1,FRAUD
76,1,FRAUD
77,0,NORMAL
78,0,NORMAL
79,0,NORMAL
80,1,FRAUD
81,0,NORMAL
82,1,FRAUD
83,0,NORMAL
84,0,NORMAL
85,1,FRAUD
86,1,FRAUD
87,1,FRAUD
88,1,FRAUD
89,1,FRAUD
90,0,NORMAL
91,1,FRAUD
92,1,FRAUD
93,0,NORMAL
94,0,NORMAL
95,0,NORMAL
96,0,NORMAL
97,1,FRAUD
98,0,NORMAL
99,1,FRAUD
100,0,NORMAL
101,1,FRAUD
102,1,FRAUD
103,1,FRAUD
104,1,FRAUD
105,0,NORMAL
106,1,FRAUD
107,1,FRAUD
108,0,NORMAL
109,0,NORMAL
110,1,FRAUD
111,1,FRAUD
112,1,FRAUD
113,1,FRAUD
114,1,FRAUD
115,0,NORMAL
116,0,NORMAL
117,0,NORMAL
118,1,FRAUD
119,1,FRAUD
120,0,NORMAL
121,1,FRAUD
122,0,NORMAL
123,0,NORMAL
124,1,FRAUD
125,1,FRAUD
126,0,NORMAL
127,0,NORMAL
128,1,FRAUD
129,1,FRAUD
130,1,FRAUD
131,1,FRAUD
132,0,NORMAL
133,0,NORMAL
134,0,NORMAL
135,1,FRAUD
136,0,NORMAL
137,0,NORMAL
138,1,FRAUD
139,0,NORMAL
140,1,FRAUD
141,0,NORMAL
142,0,NORMAL
143,1,FRAUD
144,1,FRAUD
145,0,NORMAL
146,0,NORMAL
147,0,NORMAL
148,0,NORMAL
149,1,FRAUD
150,0,NORMAL
151,0,NORMAL
152,0,NORMAL
153,1,FRAUD
154,0,NORMAL
155,0,NORMAL
156,1,FRAUD
157,1,FRAUD
158,1,FRAUD
159,1,FRAUD
160,0,NORMAL
161,1,FRAUD
162,0,NORMAL
163,1,FRAUD
164,1,FRAUD
165,1,FRAUD
166,0,NORMAL
167,1,FRAUD
168,0,NORMAL
169,0,NORMAL
170,1,FRAUD
171,1,FRAUD
172,1,FRAUD
173,1,FRAUD
174,1,FRAUD
175,0,NORMAL
176,1,FRAUD
177,0,NORMAL
178,1,FRAUD
179,1,FRAUD
180,0,NORMAL
181,1,FRAUD
182,1,FRAUD
183,0,NORMAL
184,0,NORMAL
185,0,NORMAL
186,0,NORMAL
187,0,NORMAL
188,0,NORMAL
189,1,FRAUD
190,0,NORMAL
191,0,NORMAL
192,1,FRAUD
193,1,FRAUD
194,0,NORMAL
195,1,FRAUD
196,1,FRAUD
197,1,FRAUD
198,0,NORMAL
199,0,NORMAL
200,0,NORMAL
201,0,NORMAL
202,1,FRAUD
203,1,FRAUD
204,0,NORMAL
205,1,FRAUD
206,1,FRAUD
207,1,FRAUD
208,0,NORMAL
209,1,FRAUD
210,1,FRAUD
211,1,FRAUD
212,1,FRAUD
213,0,NORMAL
214,1,FRAUD
215,1,FRAUD
216,0,NORMAL
217,1,FRAUD
218,0,NORMAL
219,0,NORMAL
220,0,NORMAL
221,1,FRAUD
222,0,NORMAL
223,0,NORMAL
224,0,NORMAL
225,1,FRAUD
226,1,FRAUD
227,1,FRAUD
228,1,FRAUD
229,1,FRAUD
230,1,FRAUD
231,0,NORMAL
232,0,NORMAL
233,1,FRAUD
234,1,FRAUD
235,1,FRAUD
236,1,FRAUD
237,0,NORMAL
238,0,NORMAL
239,1,FRAUD
240,1,FRAUD
241,0,NORMAL
242,1,FRAUD
243,0,NORMAL
244,1,FRAUD
245,1,FRAUD
246,1,FRAUD
247,0,NORMAL
248,0,NORMAL
249,1,FRAUD
250,0,NORMAL
251,0,NORMAL
252,0,NORMAL
253,1,FRAUD
254,0,NORMAL
255,0,NORMAL
256,0,NORMAL
257,1,FRAUD
258,1,FRAUD
259,0,NORMAL
260,0,NORMAL
261,1,FRAUD
262,1,FRAUD
263,0,NORMAL
264,1,FRAUD
265,0,NORMAL
266,1,FRAUD
267,1,FRAUD
268,1,FRAUD
269,0,NORMAL
270,1,FRAUD
271,1,FRAUD
272,0,NORMAL
273,1,FRAUD
274,0,NORMAL
275,1,FRAUD
276,0,NORMAL
277,1,FRAUD
278,0,NORMAL
279,0,NORMAL
280,0,NORMAL
281,1,FRAUD
282,0,NORMAL
283,1,FRAUD
284,0,NORMAL
285,1,FRAUD
286,0,NORMAL
287,0,NORMAL
288,0,NORMAL
289,0,NORMAL
290,1,FRAUD
291,1,FRAUD
292,0,NORMAL
293,1,FRAUD
294,1,FRAUD
295,0,NORMAL
296,0,NORMAL
297,1,FRAUD
298,1,FRAUD
299,0,NORMAL
300,1,FRAUD
301,0,NORMAL
302,0,NORMAL
303,1,FRAUD
304,0,NORMAL
305,0,NORMAL
306,1,FRAUD
307,1,FRAUD
308,1,FRAUD
309,0,NORMAL
310,0,NORMAL
311,1,FRAUD
312,0,NORMAL
313,1,FRAUD
314,0,NORMAL
315,1,FRAUD
316,1,FRAUD
317,1,FRAUD
318,0,NORMAL
319,0,NORMAL
320,0,NORMAL
321,1,FRAUD
322,0,NORMAL
323,0,NORMAL
324,0,NORMAL
325,0,NORMAL
326,1,FRAUD
327,0,NORMAL
328,0,NORMAL
329,1,FRAUD
330,0,NORMAL
331,1,FRAUD
332,1,FRAUD
333,0,NORMAL
334,1,FRAUD
335,1,FRAUD
336,1,FRAUD
337,0,NORMAL
338,1,FRAUD
339,0,NORMAL
340,1,FRAUD
341,1,FRAUD
342,1,FRAUD
343,0,NORMAL
344,1,FRAUD
345,1,FRAUD
346,1,FRAUD
347,1,FRAUD
348,1,FRAUD
349,0,NORMAL
350,0,NORMAL
351,0,NORMAL
352,1,FRAUD
353,0,NORMAL
354,0,NORMAL
355,0,NORMAL
356,0,NORMAL
357,1,FRAUD
358,0,NORMAL
359,1,FRAUD
360,0,NORMAL
361,1,FRAUD
362,0,NORMAL
363,0,NORMAL
364,0,NORMAL
365,0,NORMAL
366,0,NORMAL
367,1,FRAUD
368,1,FRAUD
369,0,NORMAL
370,0,NORMAL
371,0,NORMAL
372,0,NORMAL
373,0,NORMAL
374,0,NORMAL
375,1,FRAUD
376,1,FRAUD
377,1,FRAUD
378,1,FRAUD
379,0,NORMAL
380,0,NORMAL
381,0,NORMAL
382,1,FRAUD
383,1,FRAUD
384,1,FRAUD
385,0,NORMAL
386,0,NORMAL
387,1,FRAUD
388,1,FRAUD
389,0,NORMAL
390,0,NORMAL
391,0,NORMAL
392,1,FRAUD
393,0,NORMAL
394,0,NORMAL
395,0,NORMAL
396,0,NORMAL
397,1,FRAUD
398,0,NORMAL
399,1,FRAUD
400,1,FRAUD
401,0,NORMAL
402,1,FRAUD
403,0,NORMAL
404,0,NORMAL
405,1,FRAUD
406,1,FRAUD
407,0,NORMAL
408,0,NORMAL
409,1,FRAUD
410,0,NORMAL
411,1,FRAUD
412,0,NORMAL
413,0,NORMAL
414,0,NORMAL
415,0,NORMAL
416,1,FRAUD
417,1,FRAUD
418,1,FRAUD
419,1,FRAUD
420,0,NORMAL
421,0,NORMAL
422,0,NORMAL
423,1,FRAUD
424,1,FRAUD
425,0,NORMAL
426,0,NORMAL
427,1,FRAUD
428,1,FRAUD
429,1,FRAUD
430,1,FRAUD
431,0,NORMAL
432,0,NORMAL
433,0,NORMAL
434,0,NORMAL
435,0,NORMAL
436,1,FRAUD
437,0,NORMAL
438,1,FRAUD
439,1,FRAUD
440,0,NORMAL
441,1,FRAUD
442,1,FRAUD
443,0,NORMAL
444,0,NORMAL
445,0,NORMAL
446,0,NORMAL
447,1,FRAUD
448,1,FRAUD
449,0,NORMAL
450,0,NORMAL
451,1,FRAUD
452,1,FRAUD
453,1,FRAUD
454,1,FRAUD
455,1,FRAUD
456,1,FRAUD
457,0,NORMAL
458,0,NORMAL
459,1,FRAUD
460,1,FRAUD
461,1,FRAUD
462,0,NORMAL
463,1,FRAUD
464,0,NORMAL
465,0,NORMAL
466,0,NORMAL
467,1,FRAUD
468,0,NORMAL
469,0,NORMAL
470,0,NORMAL
471,1,FRAUD
472,0,NORMAL
473,0,NORMAL
474,1,FRAUD
475,1,FRAUD
476,1,FRAUD
477,0,NORMAL
478,1,FRAUD
479,1,FRAUD
480,1,FRAUD
481,1,FRAUD
482,0,NORMAL
483,0,NORMAL
484,0,NORMAL
485,0,NORMAL
486,0,NORMAL
487,1,FRAUD
488,1,FRAUD
489,1,FRAUD
490,1,FRAUD
491,0,NORMAL
492,0,NORMAL
493,1,FRAUD
494,1,FRAUD
495,0,NORMAL
496,0,NORMAL
497,0,NORMAL
498,0,NORMAL
499,0,NORMAL
500,0,NORMAL
501,1,FRAUD
502,0,NORMAL
503,0,NORMAL
504,0,NORMAL
505,0,NORMAL
506,0,NORMAL
507,0,NORMAL
508,0,NORMAL
509,1,FRAUD
510,1,FRAUD
511,0,NORMAL
512,0,NORMAL
513,0,NORMAL
514,0,NORMAL
515,1,FRAUD
516,0,NORMAL
517,1,FRAUD
518,1,FRAUD
519,1,FRAUD
520,0,NORMAL
521,0,NORMAL
522,0,NORMAL
523,1,FRAUD
524,1,FRAUD
525,0,NORMAL
526,1,FRAUD
527,0,NORMAL
528,0,NORMAL
529,0,NORMAL
530,0,NORMAL
531,0,NORMAL
532,1,FRAUD
533,1,FRAUD
534,0,NORMAL
535,0,NORMAL
536,1,FRAUD
537,1,FRAUD
538,0,NORMAL
539,0,NORMAL
540,0,NORMAL
541,1,FRAUD
542,0,NORMAL
543,0,NORMAL
544,1,FRAUD
545,1,FRAUD
546,1,FRAUD
547,1,FRAUD
548,1,FRAUD
549,1,FRAUD
550,1,FRAUD
551,0,NORMAL
552,1,FRAUD
553,0,NORMAL
554,0,NORMAL
555,1,FRAUD
556,0,NORMAL
557,1,FRAUD
558,1,FRAUD
559,1,FRAUD
560,1,FRAUD
561,0,NORMAL
562,1,FRAUD
563,0,NORMAL
564,1,FRAUD
565,1,FRAUD
566,0,NORMAL
567,0,NORMAL
568,1,FRAUD
569,1,FRAUD
570,0,NORMAL
571,0,NORMAL
572,1,FRAUD
573,1,FRAUD
574,1,FRAUD
575,1,FRAUD
576,0,NORMAL
577,0,NORMAL
578,1,FRAUD
579,0,NORMAL
580,1,FRAUD
581,1,FRAUD
582,0,NORMAL
583,1,FRAUD
584,0,NORMAL
585,1,FRAUD
586,1,FRAUD
587,0,NORMAL
588,1,FRAUD
589,0,NORMAL
590,1,FRAUD
591,1,FRAUD
592,1,FRAUD
593,0,NORMAL
594,1,FRAUD
595,1,FRAUD
596,0,NORMAL
597,1,FRAUD
598,0,NORMAL
599,0,NORMAL
600,0,NORMAL
601,1,FRAUD
602,0,NORMAL
603,0,NORMAL
604,1,FRAUD
605,0,NORMAL
606,1,FRAUD
607,1,FRAUD
608,0,NORMAL
609,0,NORMAL
610,0,NORMAL
611,0,NORMAL
612,1,FRAUD
613,0,NORMAL
614,0,NORMAL
615,1,FRAUD
616,0,NORMAL
617,0,NORMAL
618,0,NORMAL
619,0,NORMAL
620,0,NORMAL
621,1,FRAUD
622,1,FRAUD
623,1,FRAUD
624,1,FRAUD
625,1,FRAUD
626,1,FRAUD
627,1,FRAUD
628,0,NORMAL
629,0,NORMAL
630,0,NORMAL
631,0,NORMAL
632,0,NORMAL
633,0,NORMAL
634,1,FRAUD
635,1,FRAUD
636,1,FRAUD
637,1,FRAUD
638,1,FRAUD
639,0,NORMAL
640,0,NORMAL
641,0,NORMAL
642,0,NORMAL
643,0,NORMAL
644,1,FRAUD
645,1,FRAUD
646,0,NORMAL
647,1,FRAUD
648,1,FRAUD
649,0,NORMAL
650,0,NORMAL
651,1,FRAUD
652,0,NORMAL
653,0,NORMAL
654,1,FRAUD
655,0,NORMAL
656,0,NORMAL
657,0,NORMAL
658,1,FRAUD
659,1,FRAUD
660,0,NORMAL
661,1,FRAUD
662,0,NORMAL
663,1,FRAUD
664,1,FRAUD
665,0,NORMAL
666,0,NORMAL
667,0,NORMAL
668,1,FRAUD
669,0,NORMAL
670,1,FRAUD
671,1,FRAUD
672,0,NORMAL
673,1,FRAUD
674,0,NORMAL
675,1,FRAUD
676,1,FRAUD
677,0,NORMAL
678,1,FRAUD
679,0,NORMAL
680,0,NORMAL
681,1,FRAUD
682,1,FRAUD
683,1,FRAUD
684,1,FRAUD
685,1,FRAUD
686,0,NORMAL
687,0,NORMAL
688,1,FRAUD
689,1,FRAUD
690,1,FRAUD
691,0,NORMAL
692,0,NORMAL
693,0,NORMAL
694,1,FRAUD
695,1,FRAUD
696,0,NORMAL
697,0,NORMAL
698,0,NORMAL
699,1,FRAUD
700,1,FRAUD
701,1,FRAUD
702,0,NORMAL
703,1,FRAUD
704,0,NORMAL
705,1,FRAUD
706,1,FRAUD
707,0,NORMAL
708,1,FRAUD
709,0,NORMAL
710,0,NORMAL
711,0,NORMAL
712,0,NORMAL
713,1,FRAUD
714,1,FRAUD
715,0,NORMAL
716,0,NORMAL
717,0,NORMAL
718,1,FRAUD
719,0,NORMAL
720,0,NORMAL
721,0,NORMAL
722,0,NORMAL
723,0,NORMAL
724,1,FRAUD
725,0,NORMAL
726,0,NORMAL
727,0,NORMAL
728,1,FRAUD
729,0,NORMAL
730,0,NORMAL
731,1,FRAUD
732,1,FRAUD
733,0,NORMAL
734,0,NORMAL
735,0,NORMAL
736,0,NORMAL
737,0,NORMAL
738,1,FRAUD
739,1,FRAUD
740,0,NORMAL
741,1,FRAUD
742,0,NORMAL
743,0,NORMAL
744,0,NORMAL
745,1,FRAUD
746,1,FRAUD
747,0,NORMAL
748,1,FRAUD
749,0,NORMAL
750,1,FRAUD
751,1,FRAUD
752,0,NORMAL
753,0,NORMAL
754,0,NORMAL
755,0,NORMAL
756,0,NORMAL
757,0,NORMAL
758,1,FRAUD
759,0,NORMAL
760,0,NORMAL
761,1,FRAUD
762,1,FRAUD
763,1,FRAUD
764,0,NORMAL
765,1,FRAUD
766,1,FRAUD
767,1,FRAUD
768,0,NORMAL
769,0,NORMAL
770,0,NORMAL
771,1,FRAUD
772,1,FRAUD
773,1,FRAUD
774,1,FRAUD
775,0,NORMAL
776,1,FRAUD
777,0,NORMAL
778,1,FRAUD
779,0,NORMAL
780,1,FRAUD
781,0,NORMAL
782,1,FRAUD
783,0,NORMAL
784,1,FRAUD
785,0,NORMAL
786,0,NORMAL
787,0,NORMAL
788,0,NORMAL
789,0,NORMAL
790,1,FRAUD
791,0,NORMAL
792,0,NORMAL
793,0,NORMAL
794,1,FRAUD
795,0,NORMAL
796,1,FRAUD
797,0,NORMAL
798,1,FRAUD
799,1,FRAUD
800,1,FRAUD
801,1,FRAUD
802,0,NORMAL
803,0,NORMAL
804,0,NORMAL
805,0,NORMAL
806,0,NORMAL
807,1,FRAUD
808,1,FRAUD
809,0,NORMAL
810,0,NORMAL
811,1,FRAUD
812,1,FRAUD
813,1,FRAUD
814,1,FRAUD
815,0,NORMAL
816,0,NORMAL
817,1,FRAUD
818,1,FRAUD
819,0,NORMAL
820,1,FRAUD
821,1,FRAUD
822,1,FRAUD
823,0,NORMAL
824,0,NORMAL
825,0,NORMAL
826,0,NORMAL
827,0,NORMAL
828,0,NORMAL
829,1,FRAUD
830,0,NORMAL
831,0,NORMAL
832,0,NORMAL
833,1,FRAUD
834,1,FRAUD
835,1,FRAUD
836,0,NORMAL
837,1,FRAUD
838,1,FRAUD
839,0,NORMAL
840,1,FRAUD
841,1,FRAUD
842,1,FRAUD
843,1,FRAUD
844,0,NORMAL
845,1,FRAUD
846,0,NORMAL
847,0,NORMAL
848,1,FRAUD
849,0,NORMAL
850,0,NORMAL
851,1,FRAUD
852,0,NORMAL
853,1,FRAUD
854,0,NORMAL
855,0,NORMAL
856,1,FRAUD
857,1,FRAUD
858,1,FRAUD
859,0,NORMAL
860,1,FRAUD
861,0,NORMAL
862,0,NORMAL
863,0,NORMAL
864,1,FRAUD
865,0,NORMAL
866,1,FRAUD
867,1,FRAUD
868,1,FRAUD
869,1,FRAUD
870,0,NORMAL
871,0,NORMAL
872,0,NORMAL
873,1,FRAUD
874,1,FRAUD
875,1,FRAUD
876,1,FRAUD
877,1,FRAUD
878,1,FRAUD
879,1,FRAUD
880,0,NORMAL
881,0,NORMAL
882,1,FRAUD
883,0,NORMAL
884,0,NORMAL
885,1,FRAUD
886,1,FRAUD
887,0,NORMAL
888,1,FRAUD
889,1,FRAUD
890,1,FRAUD
891,0,NORMAL
892,0,NORMAL
893,0,NORMAL
894,0,NORMAL
895,0,NORMAL
896,0,NORMAL
897,1,FRAUD
898,0,NORMAL
899,0,NORMAL
900,1,FRAUD
901,1,FRAUD
902,0,NORMAL
903,0,NORMAL
904,0,NORMAL
905,1,FRAUD
906,0,NORMAL
907,0,NORMAL
908,0,NORMAL
909,1,FRAUD
910,0,NORMAL
911,0,NORMAL
912,0,NORMAL
913,0,NORMAL
914,1,FRAUD
915,1,FRAUD
916,1,FRAUD
917,0,NORMAL
918,1,FRAUD
919,0,NORMAL
920,0,NORMAL
921,0,NORMAL
922,1,FRAUD
923,0,NORMAL
924,1,FRAUD
925,1,FRAUD
926,0,NORMAL
927,0,NORMAL
928,1,FRAUD
929,1,FRAUD
930,0,NORMAL
931,0,NORMAL
932,0,NORMAL
933,1,FRAUD
934,1,FRAUD
935,0,NORMAL
936,0,NORMAL
937,0,NORMAL
938,0,NORMAL
939,0,NORMAL
940,0,NORMAL
941,1,FRAUD
942,0,NORMAL
943,0,NORMAL
944,0,NORMAL
945,0,NORMAL
946,1,FRAUD
947,0,NORMAL
948,0,NORMAL
949,0,NORMAL
950,0,NORMAL
951,0,NORMAL
952,0,NORMAL
953,1,FRAUD
954,0,NORMAL
955,1,FRAUD
956,0,NORMAL
957,0,NORMAL
958,0,NORMAL
959,0,NORMAL
960,0,NORMAL
961,0,NORMAL
962,0,NORMAL
963,1,FRAUD
964,0,NORMAL
965,0,NORMAL
966,0,NORMAL
967,1,FRAUD
968,0,NORMAL
969,0,NORMAL
970,1,FRAUD
971,0,NORMAL
972,1,FRAUD
973,0,NORMAL
974,0,NORMAL
975,1,FRAUD
976,0,NORMAL
977,0,NORMAL
978,0,NORMAL
979,0,NORMAL
980,1,FRAUD
981,1,FRAUD
982,1,FRAUD
983,1,FRAUD
984,0,NORMAL
985,0,NORMAL
986,0,NORMAL
987,0,NORMAL
988,0,NORMAL
989,1,FRAUD
990,1,FRAUD
991,0,NORMAL
992,0,NORMAL
993,0,NORMAL
994,0,NORMAL
995,1,FRAUD
996,1,FRAUD
997,1,FRAUD
998,1,FRAUD
999,0,NORMAL
1000,1,FRAUD
1001,1,FRAUD
1002,1,FRAUD
1003,1,FRAUD
1004,1,FRAUD
1005,1,FRAUD
1006,0,NORMAL
1007,0,NORMAL
1008,1,FRAUD
1009,0,NORMAL
1010,0,NORMAL
1011,1,FRAUD
1012,1,FRAUD
1013,0,NORMAL
1014,0,NORMAL
1015,0,NORMAL
1016,0,NORMAL
1017,0,NORMAL
1018,0,NORMAL
1019,1,FRAUD
1020,1,FRAUD
1021,0,NORMAL
1022,1,FRAUD
1023,0,NORMAL
1024,1,FRAUD
1025,0,NORMAL
1026,1,FRAUD
1027,1,FRAUD
1028,0,NORMAL
1029,0,NORMAL
1030,0,NORMAL
1031,0,NORMAL
1032,0,NORMAL
1033,1,FRAUD
1034,1,FRAUD
1035,0,NORMAL
1036,1,FRAUD
1037,0,NORMAL
1038,1,FRAUD
1039,0,NORMAL
1040,0,NORMAL
1041,1,FRAUD
1042,1,FRAUD
1043,0,NORMAL
1044,1,FRAUD
1045,1,FRAUD
1046,1,FRAUD
1047,1,FRAUD
1048,1,FRAUD
1049,0,NORMAL
1050,0,NORMAL
1051,1,FRAUD
1052,1,FRAUD
1053,0,NORMAL
1054,0,NORMAL
1055,0,NORMAL
1056,0,NORMAL
1057,1,FRAUD
1058,1,FRAUD
1059,0,NORMAL
1060,0,NORMAL
1061,1,FRAUD
1062,0,NORMAL
1063,1,FRAUD
1064,1,FRAUD
1065,0,NORMAL
1066,1,FRAUD
1067,0,NORMAL
1068,1,FRAUD
1069,1,FRAUD
1070,0,NORMAL
1071,0,NORMAL
1072,1,FRAUD
1073,1,FRAUD
1074,0,NORMAL
1075,1,FRAUD
1076,1,FRAUD
1077,1,FRAUD
1078,1,FRAUD
1079,1,FRAUD
1080,0,NORMAL
1081,1,FRAUD
1082,0,NORMAL
1083,0,NORMAL
1084,1,FRAUD
1085,1,FRAUD
1086,0,NORMAL
1087,0,NORMAL
1088,1,FRAUD
1089,0,NORMAL
1090,0,NORMAL
1091,0,NORMAL
1092,1,FRAUD
1093,0,NORMAL
1094,0,NORMAL
1095,1,FRAUD
1096,1,FRAUD
1097,0,NORMAL
1098,0,NORMAL
1099,1,FRAUD
1100,0,NORMAL
1101,0,NORMAL
1102,0,NORMAL
1103,0,NORMAL
1104,1,FRAUD
1105,0,NORMAL
1106,1,FRAUD
1107,1,FRAUD
1108,1,FRAUD
1109,0,NORMAL
1110,0,NORMAL
1111,1,FRAUD
1112,0,NORMAL
1113,1,FRAUD
1114,0,NORMAL
1115,1,FRAUD
1116,1,FRAUD
1117,1,FRAUD
1118,1,FRAUD
1119,0,NORMAL
1120,1,FRAUD
1121,1,FRAUD
1122,1,FRAUD
1123,0,NORMAL
1124,0,NORMAL
1125,1,FRAUD
1126,1,FRAUD
1127,0,NORMAL
1128,0,NORMAL
1129,0,NORMAL
1130,1,FRAUD
1131,1,FRAUD
1132,0,NORMAL
1133,1,FRAUD
1134,0,NORMAL
1135,1,FRAUD
1136,1,FRAUD
1137,1,FRAUD
1138,0,NORMAL
1139,1,FRAUD
1140,0,NORMAL
1141,0,NORMAL
1142,1,FRAUD
1143,0,NORMAL
1144,0,NORMAL
1145,0,NORMAL
1146,1,FRAUD
1147,1,FRAUD
1148,0,NORMAL
1149,0,NORMAL
1150,0,NORMAL
1151,1,FRAUD
1152,1,FRAUD
1153,1,FRAUD
1154,1,FRAUD
1155,1,FRAUD
1156,1,FRAUD
1157,0,NORMAL
1158,0,NORMAL
1159,0,NORMAL
1160,1,FRAUD
1161,0,NORMAL
1162,0,NORMAL
1163,1,FRAUD
1164,1,FRAUD
1165,0,NORMAL
1166,0,NORMAL
1167,1,FRAUD
1168,0,NORMAL
1169,0,NORMAL
1170,0,NORMAL
1171,1,FRAUD
1172,0,NORMAL
1173,1,FRAUD
1174,1,FRAUD
1175,1,FRAUD
1176,0,NORMAL
1177,1,FRAUD
1178,1,FRAUD
1179,0,NORMAL
1180,1,FRAUD
1181,0,NORMAL
1182,1,FRAUD
1183,1,FRAUD
1184,0,NORMAL
1185,0,NORMAL
1186,0,NORMAL
1187,0,NORMAL
1188,1,FRAUD
1189,1,FRAUD
1190,1,FRAUD
1191,0,NORMAL
1192,1,FRAUD
1193,0,NORMAL
1194,1,FRAUD
1195,1,FRAUD
1196,0,NORMAL
1197,0,NORMAL
1198,1,FRAUD
1199,1,FRAUD
1200,1,FRAUD
1201,1,FRAUD
1202,1,FRAUD
1203,0,NORMAL
1204,0,NORMAL
1205,1,FRAUD
1206,1,FRAUD
1207,0,NORMAL
1208,0,NORMAL
1209,0,NORMAL
1210,0,NORMAL
1211,0,NORMAL
1212,0,NORMAL
1213,1,FRAUD
1214,1,FRAUD
1215,0,NORMAL
1216,0,NORMAL
1217,0,NORMAL
1218,0,NORMAL
1219,0,NORMAL
1220,1,FRAUD
1221,1,FRAUD
1222,1,FRAUD
1223,0,NORMAL
1224,1,FRAUD
1225,0,NORMAL
1226,0,NORMAL
1227,1,FRAUD
1228,0,NORMAL
1229,0,NORMAL
1230,0,NORMAL
1231,1,FRAUD
1232,1,FRAUD
1233,1,FRAUD
1234,0,NORMAL
1235,1,FRAUD
1236,1,FRAUD
1237,0,NORMAL
1238,1,FRAUD
1239,0,NORMAL
1240,1,FRAUD
1241,0,NORMAL
1242,1,FRAUD
1243,1,FRAUD
1244,0,NORMAL
1245,0,NORMAL
1246,1,FRAUD
1247,1,FRAUD
1248,1,FRAUD
1249,0,NORMAL
1250,0,NORMAL
1251,0,NORMAL
1252,0,NORMAL
1253,1,FRAUD
1254,0,NORMAL
1255,0,NORMAL
1256,0,NORMAL
1257,0,NORMAL
1258,1,FRAUD
1259,0,NORMAL
1260,0,NORMAL
1261,1,FRAUD
1262,1,FRAUD
1263,0,NORMAL
1264,0,NORMAL
1265,1,FRAUD
1266,0,NORMAL
1267,0,NORMAL
1268,0,NORMAL
1269,1,FRAUD
1270,0,NORMAL
1271,0,NORMAL
1272,1,FRAUD
1273,1,FRAUD
1274,0,NORMAL
1275,0,NORMAL
1276,0,NORMAL
1277,0,NORMAL
1278,0,NORMAL
1279,0,NORMAL
1280,0,NORMAL
1281,1,FRAUD
1282,1,FRAUD
1283,0,NORMAL
1284,0,NORMAL
1285,1,FRAUD
1286,1,FRAUD
1287,1,FRAUD
1288,0,NORMAL
1289,0,NORMAL
1290,0,NORMAL
1291,0,NORMAL
1292,0,NORMAL
1293,0,NORMAL
1294,1,FRAUD
1295,0,NORMAL
1296,0,NORMAL
1297,0,NORMAL
1298,0,NORMAL
1299,1,FRAUD
1300,0,NORMAL
1301,0,NORMAL
1302,1,FRAUD
1303,0,NORMAL
1304,0,NORMAL
1305,1,FRAUD
1306,0,NORMAL
1307,1,FRAUD
1308,1,FRAUD
1309,0,NORMAL
1310,1,FRAUD
1311,1,FRAUD
1312,0,NORMAL
1313,0,NORMAL
1314,0,NORMAL
1315,1,FRAUD
1316,0,NORMAL
1317,0,NORMAL
1318,0,NORMAL
1319,1,FRAUD
1320,0,NORMAL
1321,0,NORMAL
1322,1,FRAUD
1323,1,FRAUD
1324,1,FRAUD
1325,1,FRAUD
1326,1,FRAUD
1327,0,NORMAL
1328,0,NORMAL
1329,0,NORMAL
1330,1,FRAUD
1331,1,FRAUD
1332,1,FRAUD
1333,0,NORMAL
1334,0,NORMAL
1335,1,FRAUD
1336,0,NORMAL
1337,0,NORMAL
1338,0,NORMAL
1339,1,FRAUD
1340,0,NORMAL
1341,1,FRAUD
1342,0,NORMAL
1343,0,NORMAL
1344,1,FRAUD
1345,1,FRAUD
1346,1,FRAUD
1347,1,FRAUD
1348,1,FRAUD
1349,1,FRAUD
1350,0,NORMAL
1351,0,NORMAL
1352,1,FRAUD
1353,0,NORMAL
1354,0,NORMAL
1355,0,NORMAL
1356,0,NORMAL
1357,0,NORMAL
1358,0,NORMAL
1359,1,FRAUD
1360,0,NORMAL
1361,0,NORMAL
1362,0,NORMAL
1363,0,NORMAL
1364,1,FRAUD
1365,0,NORMAL
1366,1,FRAUD
1367,1,FRAUD
1368,1,FRAUD
1369,1,FRAUD
1370,0,NORMAL
1371,0,NORMAL
1372,1,FRAUD
1373,0,NORMAL
1374,0,NORMAL
1375,1,FRAUD
1376,0,NORMAL
1377,1,FRAUD
1378,0,NORMAL
1379,1,FRAUD
1380,1,FRAUD
1381,0,NORMAL
1382,1,FRAUD
1383,0,NORMAL
1384,0,NORMAL
1385,0,NORMAL
1386,0,NORMAL
1387,1,FRAUD
1388,0,NORMAL
1389,0,NORMAL
1390,1,FRAUD
1391,1,FRAUD
1392,1,FRAUD
1393,0,NORMAL
1394,0,NORMAL
1395,0,NORMAL
1396,0,NORMAL
1397,0,NORMAL
1398,0,NORMAL
1399,1,FRAUD
1400,0,NORMAL
1401,0,NORMAL
1402,0,NORMAL
1403,1,FRAUD
1404,0,NORMAL
1405,0,NORMAL
1406,0,NORMAL
1407,0,NORMAL
1408,1,FRAUD
1409,0,NORMAL
1410,1,FRAUD
1411,1,FRAUD
1412,1,FRAUD
1413,1,FRAUD
1414,1,FRAUD
1415,1,FRAUD
1416,1,FRAUD
1417,1,FRAUD
1418,1,FRAUD
1419,0,NORMAL
1420,0,NORMAL
1421,1,FRAUD
1422,1,FRAUD
1423,1,FRAUD
1424,0,NORMAL
1425,0,NORMAL
1426,1,FRAUD
1427,1,FRAUD
1428,0,NORMAL
1429,0,NORMAL
1430,0,NORMAL
1431,0,NORMAL
1432,1,FRAUD
1433,0,NORMAL
1434,1,FRAUD
1435,0,NORMAL
1436,1,FRAUD
1437,0,NORMAL
1438,0,NORMAL
1439,0,NORMAL
1440,0,NORMAL
1441,0,NORMAL
1442,1,FRAUD
1443,1,FRAUD
1444,1,FRAUD
1445,1,FRAUD
1446,0,NORMAL
1447,1,FRAUD
1448,0,NORMAL
1449,0,NORMAL
1450,0,NORMAL
1451,0,NORMAL
1452,0,NORMAL
1453,1,FRAUD
1454,1,FRAUD
1455,0,NORMAL
1456,1,FRAUD
1457,1,FRAUD
1458,1,FRAUD
1459,0,NORMAL
1460,0,NORMAL
1461,0,NORMAL
1462,0,NORMAL
1463,0,NORMAL
1464,0,NORMAL
1465,1,FRAUD
1466,1,FRAUD
1467,1,FRAUD
1468,0,NORMAL
1469,1,FRAUD
1470,0,NORMAL
1471,1,FRAUD
1472,0,NORMAL
1473,1,FRAUD
1474,1,FRAUD
1475,1,FRAUD
1476,1,FRAUD
1477,0,NORMAL
1478,0,NORMAL
1479,0,NORMAL
1480,0,NORMAL
1481,0,NORMAL
1482,0,NORMAL
1483,0,NORMAL
1484,0,NORMAL
1485,1,FRAUD
1486,0,NORMAL
1487,0,NORMAL
1488,0,NORMAL
1489,0,NORMAL
1490,1,FRAUD
1491,0,NORMAL
1492,0,NORMAL
1493,1,FRAUD
1494,1,FRAUD
1495,1,FRAUD
1496,0,NORMAL
1497,1,FRAUD
1498,0,NORMAL
1499,0,NORMAL
1500,0,NORMAL
1501,1,FRAUD
1502,0,NORMAL
1503,1,FRAUD
1504,0,NORMAL
1505,1,FRAUD
1506,0,NORMAL
1507,0,NORMAL
1508,0,NORMAL
1509,0,NORMAL
1510,1,FRAUD
1511,1,FRAUD
1512,0,NORMAL
1513,1,FRAUD
1514,1,FRAUD
1515,0,NORMAL
1516,1,FRAUD
1517,1,FRAUD
1518,0,NORMAL
1519,1,FRAUD
1520,0,NORMAL
1521,0,NORMAL
1522,0,NORMAL
1523,0,NORMAL
1524,1,FRAUD
1525,0,NORMAL
1526,0,NORMAL
1527,0,NORMAL
1528,0,NORMAL
1529,0,NORMAL
1530,1,FRAUD
1531,1,FRAUD
1532,0,NORMAL
1533,1,FRAUD
1534,1,FRAUD
1535,1,FRAUD
1536,0,NORMAL
1537,1,FRAUD
1538,0,NORMAL
1539,0,NORMAL
1540,0,NORMAL
1541,0,NORMAL
1542,0,NORMAL
1543,1,FRAUD
1544,1,FRAUD
1545,1,FRAUD
1546,0,NORMAL
1547,0,NORMAL
1548,1,FRAUD
1549,0,NORMAL
1550,0,NORMAL
1551,1,FRAUD
1552,0,NORMAL
1553,1,FRAUD
1554,0,NORMAL
1555,0,NORMAL
1556,1,FRAUD
1557,1,FRAUD
1558,0,NORMAL
1559,1,FRAUD
1560,1,FRAUD
1561,0,NORMAL
1562,0,NORMAL
1563,1,FRAUD
1564,1,FRAUD
1565,1,FRAUD
1566,0,NORMAL
1567,0,NORMAL
1568,0,NORMAL
1569,0,NORMAL
1570,0,NORMAL
1571,1,FRAUD
1572,0,NORMAL
1573,1,FRAUD
1574,1,FRAUD
1575,1,FRAUD
1576,0,NORMAL
1577,0,NORMAL
1578,0,NORMAL
1579,0,NORMAL
1580,0,NORMAL
1581,1,FRAUD
1582,0,NORMAL
1583,0,NORMAL
1584,0,NORMAL
1585,0,NORMAL
1586,0,NORMAL
1587,1,FRAUD
1588,0,NORMAL
1589,1,FRAUD
1590,0,NORMAL
1591,0,NORMAL
1592,1,FRAUD
1593,1,FRAUD
1594,0,NORMAL
1595,0,NORMAL
1596,1,FRAUD
1597,0,NORMAL
1598,0,NORMAL
1599,0,NORMAL
1600,0,NORMAL
1601,1,FRAUD
1602,1,FRAUD
1603,0,NORMAL
1604,1,FRAUD
1605,1,FRAUD
1606,1,FRAUD
1607,1,FRAUD
1608,1,FRAUD
1609,1,FRAUD
1610,0,NORMAL
1611,0,NORMAL
1612,0,NORMAL
1613,0,NORMAL
1614,0,NORMAL
1615,1,FRAUD
1616,0,NORMAL
1617,1,FRAUD
1618,0,NORMAL
1619,1,FRAUD
1620,1,FRAUD
1621,0,NORMAL
1622,0,NORMAL
1623,1,FRAUD
1624,0,NORMAL
1625,0,NORMAL
1626,1,FRAUD
1627,0,NORMAL
1628,0,NORMAL
1629,0,NORMAL
1630,1,FRAUD
1631,0,NORMAL
1632,0,NORMAL
1633,0,NORMAL
1634,0,NORMAL
1635,1,FRAUD
1636,1,FRAUD
1637,0,NORMAL
1638,1,FRAUD
1639,0,NORMAL
1640,0,NORMAL
1641,0,NORMAL
1642,1,FRAUD
1643,1,FRAUD
1644,1,FRAUD
1645,1,FRAUD
1646,1,FRAUD
1647,0,NORMAL
1648,1,FRAUD
1649,1,FRAUD
1650,1,FRAUD
1651,0,NORMAL
1652,0,NORMAL
1653,1,FRAUD
1654,0,NORMAL
1655,1,FRAUD
1656,1,FRAUD
1657,1,FRAUD
1658,1,FRAUD
1659,0,NORMAL
1660,0,NORMAL
1661,1,FRAUD
1662,0,NORMAL
1663,1,FRAUD
1664,1,FRAUD
1665,0,NORMAL
1666,1,FRAUD
1667,1,FRAUD
1668,1,FRAUD
1669,1,FRAUD
1670,0,NORMAL
1671,0,NORMAL
1672,1,FRAUD
1673,1,FRAUD
1674,1,FRAUD
1675,0,NORMAL
1676,0,NORMAL
1677,1,FRAUD
1678,0,NORMAL
1679,0,NORMAL
1680,0,NORMAL
1681,0,NORMAL
1682,1,FRAUD
1683,0,NORMAL
1684,0,NORMAL
1685,1,FRAUD
1686,1,FRAUD
1687,0,NORMAL
1688,1,FRAUD
1689,1,FRAUD
1690,0,NORMAL
1691,0,NORMAL
1692,0,NORMAL
1693,0,NORMAL
1694,0,NORMAL
1695,0,NORMAL
1696,1,FRAUD
1697,1,FRAUD
1698,1,FRAUD
1699,0,NORMAL
1700,1,FRAUD
1701,0,NORMAL
1702,1,FRAUD
1703,0,NORMAL
1704,1,FRAUD
1705,1,FRAUD
1706,0,NORMAL
1707,0,NORMAL
1708,0,NORMAL
1709,1,FRAUD
1710,0,NORMAL
1711,1,FRAUD
1712,0,NORMAL
1713,1,FRAUD
1714,0,NORMAL
1715,1,FRAUD
1716,0,NORMAL
1717,0,NORMAL
1718,0,NORMAL
1719,0,NORMAL
1720,0,NORMAL
1721,1,FRAUD
1722,0,NORMAL
1723,1,FRAUD
1724,0,NORMAL
1725,0,NORMAL
1726,0,NORMAL
1727,1,FRAUD
1728,1,FRAUD
1729,1,FRAUD
1730,0,NORMAL
1731,0,NORMAL
1732,0,NORMAL
1733,1,FRAUD
1734,0,NORMAL
1735,0,NORMAL
1736,1,FRAUD
1737,1,FRAUD
1738,0,NORMAL
1739,1,FRAUD
1740,0,NORMAL
1741,1,FRAUD
1742,1,FRAUD
1743,0,NORMAL
1744,1,FRAUD
1745,0,NORMAL
1746,0,NORMAL
1747,1,FRAUD
1748,1,FRAUD
1749,0,NORMAL
1750,0,NORMAL
1751,0,NORMAL
1752,1,FRAUD
1753,0,NORMAL
1754,1,FRAUD
1755,0,NORMAL
1756,0,NORMAL
1757,0,NORMAL
1758,0,NORMAL
1759,1,FRAUD
1760,1,FRAUD
1761,0,NORMAL
1762,0,NORMAL
1763,1,FRAUD
1764,1,FRAUD
1765,0,NORMAL
1766,0,NORMAL
1767,1,FRAUD
1768,1,FRAUD
1769,0,NORMAL
1770,1,FRAUD
1771,0,NORMAL
1772,0,NORMAL
1773,0,NORMAL
1774,1,FRAUD
1775,1,FRAUD
1776,0,NORMAL
1777,0,NORMAL
1778,1,FRAUD
1779,1,FRAUD
1780,1,FRAUD
1781,0,NORMAL
1782,1,FRAUD
1783,0,NORMAL
1784,1,FRAUD
1785,0,NORMAL
1786,1,FRAUD
1787,1,FRAUD
1788,1,FRAUD
1789,0,NORMAL
1790,0,NORMAL
1791,1,FRAUD
1792,1,FRAUD
1793,1,FRAUD
1794,0,NORMAL
1795,0,NORMAL
1796,0,NORMAL
1797,0,NORMAL
1798,1,FRAUD
1799,1,FRAUD
1800,0,NORMAL
1801,0,NORMAL
1802,0,NORMAL
1803,1,FRAUD
1804,1,FRAUD
1805,0,NORMAL
1806,1,FRAUD
1807,0,NORMAL
1808,0,NORMAL
1809,1,FRAUD
1810,0,NORMAL
1811,1,FRAUD
1812,0,NORMAL
1813,1,FRAUD
1814,0,NORMAL
1815,0,NORMAL
1816,1,FRAUD
1817,0,NORMAL
1818,1,FRAUD
1819,0,NORMAL
1820,0,NORMAL
1821,0,NORMAL
1822,1,FRAUD
1823,0,NORMAL
1824,1,FRAUD
1825,0,NORMAL
1826,1,FRAUD
1827,0,NORMAL
1828,1,FRAUD
1829,1,FRAUD
1830,1,FRAUD
1831,0,NORMAL
1832,1,FRAUD
1833,0,NORMAL
1834,1,FRAUD
1835,0,NORMAL
1836,1,FRAUD
1837,1,FRAUD
1838,0,NORMAL
1839,0,NORMAL
1840,1,FRAUD
1841,1,FRAUD
1842,1,FRAUD
1843,0,NORMAL
1844,0,NORMAL
1845,0,NORMAL
1846,0,NORMAL
1847,0,NORMAL
1848,1,FRAUD
1849,1,FRAUD
1850,1,FRAUD
1851,1,FRAUD
1852,0,NORMAL
1853,0,NORMAL
1854,0,NORMAL
1855,0,NORMAL
1856,1,FRAUD
1857,1,FRAUD
1858,1,FRAUD
1859,0,NORMAL
1860,1,FRAUD
1861,0,NORMAL
1862,0,NORMAL
1863,1,FRAUD
1864,0,NORMAL
1865,1,FRAUD
1866,0,NORMAL
1867,0,NORMAL
1868,0,NORMAL
1869,1,FRAUD
1870,1,FRAUD
1871,1,FRAUD
1872,0,NORMAL
1873,1,FRAUD
1874,0,NORMAL
1875,1,FRAUD
1876,0,NORMAL
1877,1,FRAUD
1878,0,NORMAL
1879,1,FRAUD
1880,1,FRAUD
1881,0,NORMAL
1882,0,NORMAL
1883,0,NORMAL
1884,1,FRAUD
1885,1,FRAUD
1886,1,FRAUD
1887,0,NORMAL
1888,0,NORMAL
1889,0,NORMAL
1890,0,NORMAL
1891,0,NORMAL
1892,0,NORMAL
1893,0,NORMAL
1894,0,NORMAL
1895,0,NORMAL
1896,0,NORMAL
1897,1,FRAUD
1898,1,FRAUD
1899,0,NORMAL
1900,1,FRAUD
1901,1,FRAUD
1902,1,FRAUD
1903,0,NORMAL
1904,1,FRAUD
1905,1,FRAUD
1906,1,FRAUD
1907,0,NORMAL
1908,1,FRAUD
1909,1,FRAUD
1910,0,NORMAL
1911,1,FRAUD
1912,0,NORMAL
1913,1,FRAUD
1914,1,FRAUD
1915,0,NORMAL
1916,0,NORMAL
1917,0,NORMAL
1918,1,FRAUD
1919,0,NORMAL
1920,0,NORMAL
1921,0,NORMAL
1922,1,FRAUD
1923,1,FRAUD
1924,0,NORMAL
1925,0,NORMAL
1926,0,NORMAL
1927,0,NORMAL
1928,0,NORMAL
1929,0,NORMAL
1930,0,NORMAL
1931,0,NORMAL
1932,0,NORMAL
1933,1,FRAUD
1934,0,NORMAL
1935,1,FRAUD
1936,1,FRAUD
1937,0,NORMAL
1938,1,FRAUD
1939,0,NORMAL
1940,0,NORMAL
1941,0,NORMAL
1942,1,FRAUD
1943,0,NORMAL
1944,0,NORMAL
1945,1,FRAUD
1946,0,NORMAL
1947,0,NORMAL
1948,1,FRAUD
1949,1,FRAUD
1950,0,NORMAL
1951,1,FRAUD
1952,0,NORMAL
1953,1,FRAUD
1954,0,NORMAL
1955,0,NORMAL
1956,0,NORMAL
1957,1,FRAUD
1958,0,NORMAL
1959,0,NORMAL
1960,1,FRAUD
1961,0,NORMAL
1962,0,NORMAL
1963,1,FRAUD
1964,1,FRAUD
1965,0,NORMAL
1966,1,FRAUD
1967,1,FRAUD
1968,0,NORMAL
1969,1,FRAUD
1970,1,FRAUD
1971,1,FRAUD
1972,0,NORMAL
1973,0,NORMAL
1974,0,NORMAL
1975,1,FRAUD
1976,0,NORMAL
1977,0,NORMAL
1978,0,NORMAL
1979,0,NORMAL
1980,0,NORMAL
1981,0,NORMAL
1982,0,NORMAL
1983,0,NORMAL
1984,0,NORMAL
1985,0,NORMAL
1986,1,FRAUD
1987,0,NORMAL
1988,0,NORMAL
1989,0,NORMAL
1990,1,FRAUD
1991,1,FRAUD
1992,1,FRAUD
1993,1,FRAUD
1994,0,NORMAL
1995,1,FRAUD
1996,1,FRAUD
1997,1,FRAUD
1998,0,NORMAL
1999,1,FRAUD
2000,0,NORMAL
2001,0,NORMAL
2002,0,NORMAL
2003,1,FRAUD
2004,1,FRAUD
2005,1,FRAUD
2006,0,NORMAL
2007,1,FRAUD
2008,1,FRAUD
2009,1,FRAUD
2010,1,FRAUD
2011,0,NORMAL
2012,1,FRAUD
2013,0,NORMAL
2014,0,NORMAL
2015,1,FRAUD
2016,1,FRAUD
2017,0,NORMAL
2018,0,NORMAL
2019,1,FRAUD
2020,1,FRAUD
2021,0,NORMAL
2022,0,NORMAL
2023,0,NORMAL
2024,0,NORMAL
2025,1,FRAUD
2026,0,NORMAL
2027,0,NORMAL
2028,1,FRAUD
2029,0,NORMAL
2030,1,FRAUD
2031,1,FRAUD
2032,0,NORMAL
2033,0,NORMAL
2034,0,NORMAL
2035,0,NORMAL
2036,1,FRAUD
2037,1,FRAUD
2038,1,FRAUD
2039,0,NORMAL
2040,0,NORMAL
2041,0,NORMAL
2042,1,FRAUD
2043,0,NORMAL
2044,0,NORMAL
2045,0,NORMAL
2046,0,NORMAL
2047,1,FRAUD
2048,0,NORMAL
2049,1,FRAUD
2050,1,FRAUD
2051,1,FRAUD
2052,0,NORMAL
2053,1,FRAUD
2054,1,FRAUD
2055,0,NORMAL
2056,0,NORMAL
2057,0,NORMAL
2058,1,FRAUD
2059,1,FRAUD
2060,0,NORMAL
2061,0,NORMAL
2062,1,FRAUD
2063,0,NORMAL
2064,0,NORMAL
2065,1,FRAUD
2066,0,NORMAL
2067,0,NORMAL
2068,1,FRAUD
2069,0,NORMAL
2070,1,FRAUD
2071,0,NORMAL
2072,0,NORMAL
2073,0,NORMAL
2074,1,FRAUD
2075,1,FRAUD
2076,0,NORMAL
2077,0,NORMAL
2078,1,FRAUD
2079,1,FRAUD
2080,0,NORMAL
2081,0,NORMAL
2082,1,FRAUD
2083,1,FRAUD
2084,1,FRAUD
2085,1,FRAUD
2086,1,FRAUD
2087,1,FRAUD
2088,0,NORMAL
2089,0,NORMAL
2090,1,FRAUD
2091,1,FRAUD
2092,1,FRAUD
2093,1,FRAUD
2094,1,FRAUD
2095,0,NORMAL
2096,0,NORMAL
2097,0,NORMAL
2098,0,NORMAL
2099,0,NORMAL
2100,1,FRAUD
2101,0,NORMAL
2102,1,FRAUD
2103,0,NORMAL
2104,1,FRAUD
2105,1,FRAUD
2106,0,NORMAL
2107,1,FRAUD
2108,0,NORMAL
2109,1,FRAUD
2110,1,FRAUD
2111,0,NORMAL
2112,1,FRAUD
2113,0,NORMAL
2114,0,NORMAL
2115,0,NORMAL
2116,0,NORMAL
2117,1,FRAUD
2118,0,NORMAL
2119,0,NORMAL
2120,0,NORMAL
2121,0,NORMAL
2122,1,FRAUD
2123,0,NORMAL
2124,0,NORMAL
2125,0,NORMAL
2126,0,NORMAL
2127,0,NORMAL
2128,1,FRAUD
2129,0,NORMAL
2130,0,NORMAL
2131,0,NORMAL
2132,1,FRAUD
2133,0,NORMAL
2134,0,NORMAL
2135,0,NORMAL
2136,1,FRAUD
2137,0,NORMAL
2138,1,FRAUD
2139,1,FRAUD
2140,0,NORMAL
2141,1,FRAUD
2142,1,FRAUD
2143,1,FRAUD
2144,1,FRAUD
2145,1,FRAUD
2146,0,NORMAL
2147,1,FRAUD
2148,1,FRAUD
2149,1,FRAUD
2150,1,FRAUD
2151,0,NORMAL
2152,1,FRAUD
2153,1,FRAUD
2154,0,NORMAL
2155,0,NORMAL
2156,0,NORMAL
2157,0,NORMAL
2158,1,FRAUD
2159,1,FRAUD
2160,1,FRAUD
2161,0,NORMAL
2162,1,FRAUD
2163,0,NORMAL
2164,1,FRAUD
2165,1,FRAUD
2166,1,FRAUD
2167,1,FRAUD
2168,0,NORMAL
2169,1,FRAUD
2170,0,NORMAL
2171,1,FRAUD
2172,0,NORMAL
2173,0,NORMAL
2174,1,FRAUD
2175,1,FRAUD
2176,0,NORMAL
2177,1,FRAUD
2178,0,NORMAL
2179,0,NORMAL
2180,0,NORMAL
2181,1,FRAUD
2182,0,NORMAL
2183,1,FRAUD
2184,0,NORMAL
2185,0,NORMAL
2186,1,FRAUD
2187,1,FRAUD
2188,1,FRAUD
2189,0,NORMAL
2190,1,FRAUD
2191,0,NORMAL
2192,1,FRAUD
2193,1,FRAUD
2194,1,FRAUD
2195,0,NORMAL
2196,0,NORMAL
2197,0,NORMAL
2198,0,NORMAL
2199,0,NORMAL
2200,1,FRAUD
2201,1,FRAUD
2202,0,NORMAL
2203,1,FRAUD
2204,1,FRAUD
2205,1,FRAUD
2206,0,NORMAL
2207,1,FRAUD
2208,0,NORMAL
2209,0,NORMAL
2210,1,FRAUD
2211,0,NORMAL
2212,0,NORMAL
2213,1,FRAUD
2214,0,NORMAL
2215,1,FRAUD
2216,0,NORMAL
2217,0,NORMAL
2218,1,FRAUD
2219,1,FRAUD
2220,0,NORMAL
2221,1,FRAUD
2222,0,NORMAL
2223,1,FRAUD
2224,0,NORMAL
2225,0,NORMAL
2226,0,NORMAL
2227,1,FRAUD
2228,0,NORMAL
2229,0,NORMAL
2230,0,NORMAL
2231,0,NORMAL
2232,0,NORMAL
2233,1,FRAUD
2234,1,FRAUD
2235,1,FRAUD
2236,1,FRAUD
2237,1,FRAUD
2238,1,FRAUD
2239,0,NORMAL
2240,1,FRAUD
2241,0,NORMAL
2242,0,NORMAL
2243,0,NORMAL
2244,1,FRAUD
2245,1,FRAUD
2246,1,FRAUD
2247,0,NORMAL
2248,1,FRAUD
2249,0,NORMAL
2250,1,FRAUD
2251,0,NORMAL
2252,1,FRAUD
2253,1,FRAUD
2254,1,FRAUD
2255,1,FRAUD
2256,0,NORMAL
2257,0,NORMAL
2258,1,FRAUD
2259,1,FRAUD
2260,1,FRAUD
2261,1,FRAUD
2262,1,FRAUD
2263,1,FRAUD
2264,1,FRAUD
2265,0,NORMAL
2266,0,NORMAL
2267,0,NORMAL
2268,1,FRAUD
2269,1,FRAUD
2270,0,NORMAL
2271,0,NORMAL
2272,1,FRAUD
2273,0,NORMAL
2274,0,NORMAL
2275,1,FRAUD
2276,1,FRAUD
2277,0,NORMAL
2278,1,FRAUD
2279,0,NORMAL
2280,0,NORMAL
2281,1,FRAUD
2282,1,FRAUD
2283,1,FRAUD
2284,0,NORMAL
2285,0,NORMAL
2286,0,NORMAL
2287,0,NORMAL
2288,0,NORMAL
2289,1,FRAUD
2290,0,NORMAL
2291,1,FRAUD
2292,1,FRAUD
2293,0,NORMAL
2294,0,NORMAL
2295,0,NORMAL
2296,0,NORMAL
2297,0,NORMAL
2298,0,NORMAL
2299,0,NORMAL
2300,0,NORMAL
2301,0,NORMAL
2302,0,NORMAL
2303,1,FRAUD
2304,0,NORMAL
2305,1,FRAUD
2306,0,NORMAL
2307,0,NORMAL
2308,1,FRAUD
2309,0,NORMAL
2310,0,NORMAL
2311,0,NORMAL
2312,0,NORMAL
2313,0,NORMAL
2314,0,NORMAL
2315,0,NORMAL
2316,1,FRAUD
2317,1,FRAUD
2318,0,NORMAL
2319,1,FRAUD
2320,1,FRAUD
2321,0,NORMAL
2322,0,NORMAL
2323,0,NORMAL
2324,0,NORMAL
2325,0,NORMAL
2326,1,FRAUD
2327,1,FRAUD
2328,0,NORMAL
2329,0,NORMAL
2330,1,FRAUD
2331,1,FRAUD
2332,0,NORMAL
2333,0,NORMAL
2334,1,FRAUD
2335,1,FRAUD
2336,1,FRAUD
2337,1,FRAUD
2338,0,NORMAL
2339,0,NORMAL
2340,0,NORMAL
2341,1,FRAUD
2342,1,FRAUD
2343,1,FRAUD
2344,0,NORMAL
2345,0,NORMAL
2346,0,NORMAL
2347,1,FRAUD
2348,1,FRAUD
2349,1,FRAUD
2350,1,FRAUD
2351,0,NORMAL
2352,0,NORMAL
2353,1,FRAUD
2354,0,NORMAL
2355,0,NORMAL
2356,0,NORMAL
2357,0,NORMAL
2358,0,NORMAL
2359,1,FRAUD
2360,0,NORMAL
2361,1,FRAUD
2362,0,NORMAL
2363,1,FRAUD
2364,1,FRAUD
2365,1,FRAUD
2366,1,FRAUD
2367,0,NORMAL
2368,0,NORMAL
2369,1,FRAUD
2370,1,FRAUD
2371,1,FRAUD
2372,0,NORMAL
2373,0,NORMAL
2374,0,NORMAL
2375,1,FRAUD
2376,0,NORMAL
2377,1,FRAUD
2378,0,NORMAL
2379,0,NORMAL
2380,0,NORMAL
2381,0,NORMAL
2382,0,NORMAL
2383,0,NORMAL
2384,1,FRAUD
2385,0,NORMAL
2386,1,FRAUD
2387,0,NORMAL
2388,0,NORMAL
2389,1,FRAUD
2390,1,FRAUD
2391,1,FRAUD
2392,0,NORMAL
2393,1,FRAUD
2394,0,NORMAL
2395,0,NORMAL
2396,1,FRAUD
2397,1,FRAUD
2398,0,NORMAL
2399,0,NORMAL
2400,1,FRAUD
2401,1,FRAUD
2402,1,FRAUD
2403,1,FRAUD
2404,1,FRAUD
2405,1,FRAUD
2406,1,FRAUD
2407,1,FRAUD
2408,1,FRAUD
2409,0,NORMAL
2410,1,FRAUD
2411,1,FRAUD
2412,0,NORMAL
2413,0,NORMAL
2414,0,NORMAL
2415,0,NORMAL
2416,1,FRAUD
2417,1,FRAUD
2418,1,FRAUD
2419,0,NORMAL
2420,0,NORMAL
2421,0,NORMAL
2422,0,NORMAL
2423,0,NORMAL
2424,1,FRAUD
2425,1,FRAUD
2426,1,FRAUD
2427,1,FRAUD
2428,0,NORMAL
2429,0,NORMAL
2430,0,NORMAL
2431,1,FRAUD
2432,0,NORMAL
2433,0,NORMAL
2434,1,FRAUD
2435,0,NORMAL
2436,1,FRAUD
2437,1,FRAUD
2438,0,NORMAL
2439,1,FRAUD
2440,0,NORMAL
2441,1,FRAUD
2442,0,NORMAL
2443,0,NORMAL
2444,1,FRAUD
2445,1,FRAUD
2446,0,NORMAL
2447,1,FRAUD
2448,0,NORMAL
2449,0,NORMAL
2450,1,FRAUD
2451,1,FRAUD
2452,0,NORMAL
2453,1,FRAUD
2454,1,FRAUD
2455,1,FRAUD
2456,0,NORMAL
2457,1,FRAUD
2458,1,FRAUD
2459,1,FRAUD
2460,0,NORMAL
2461,0,NORMAL
2462,1,FRAUD
2463,1,FRAUD
2464,0,NORMAL
2465,0,NORMAL
2466,0,NORMAL
2467,0,NORMAL
2468,0,NORMAL
2469,0,NORMAL
2470,1,FRAUD
2471,0,NORMAL
2472,1,FRAUD
2473,0,NORMAL
2474,0,NORMAL
2475,0,NORMAL
2476,0,NORMAL
2477,1,FRAUD
2478,0,NORMAL
2479,1,FRAUD
2480,0,NORMAL
2481,0,NORMAL
2482,0,NORMAL
2483,1,FRAUD
2484,0,NORMAL
2485,0,NORMAL
2486,0,NORMAL
2487,0,NORMAL
2488,0,NORMAL
2489,1,FRAUD
2490,0,NORMAL
2491,0,NORMAL
2492,0,NORMAL
2493,1,FRAUD
2494,0,NORMAL
2495,1,FRAUD
2496,0,NORMAL
2497,1,FRAUD
2498,0,NORMAL
2499,0,NORMAL
2500,0,NORMAL
2501,1,FRAUD
2502,0,NORMAL
2503,0,NORMAL
2504,1,FRAUD
2505,0,NORMAL
2506,1,FRAUD
2507,0,NORMAL
2508,0,NORMAL
2509,1,FRAUD
2510,0,NORMAL
2511,1,FRAUD
2512,1,FRAUD
2513,1,FRAUD
2514,1,FRAUD
2515,1,FRAUD
2516,0,NORMAL
2517,0,NORMAL
2518,0,NORMAL
2519,1,FRAUD
2520,0,NORMAL
2521,1,FRAUD
2522,0,NORMAL
2523,0,NORMAL
2524,1,FRAUD
2525,0,NORMAL
2526,1,FRAUD
2527,0,NORMAL
2528,0,NORMAL
2529,0,NORMAL
2530,1,FRAUD
2531,0,NORMAL
2532,1,FRAUD
2533,1,FRAUD
2534,0,NORMAL
2535,0,NORMAL
2536,0,NORMAL
2537,0,NORMAL
2538,0,NORMAL
2539,0,NORMAL
2540,0,NORMAL
2541,0,NORMAL
2542,0,NORMAL
2543,0,NORMAL
2544,1,FRAUD
2545,1,FRAUD
2546,0,NORMAL
2547,0,NORMAL
2548,1,FRAUD
2549,0,NORMAL
2550,1,FRAUD
2551,1,FRAUD
2552,0,NORMAL
2553,1,FRAUD
2554,1,FRAUD
2555,0,NORMAL
2556,1,FRAUD
2557,0,NORMAL
2558,0,NORMAL
2559,1,FRAUD
2560,0,NORMAL
2561,1,FRAUD
2562,1,FRAUD
2563,0,NORMAL
2564,1,FRAUD
2565,0,NORMAL
2566,0,NORMAL
2567,0,NORMAL
2568,1,FRAUD
2569,0,NORMAL
2570,0,NORMAL
2571,1,FRAUD
2572,0,NORMAL
2573,0,NORMAL
2574,0,NORMAL
2575,0,NORMAL
2576,1,FRAUD
2577,0,NORMAL
2578,0,NORMAL
2579,1,FRAUD
2580,1,FRAUD
2581,0,NORMAL
2582,0,NORMAL
2583,0,NORMAL
2584,0,NORMAL
2585,0,NORMAL
2586,0,NORMAL
2587,0,NORMAL
2588,1,FRAUD
2589,1,FRAUD
2590,0,NORMAL
2591,1,FRAUD
2592,1,FRAUD
2593,0,NORMAL
2594,0,NORMAL
2595,0,NORMAL
2596,0,NORMAL
2597,1,FRAUD
2598,0,NORMAL
2599,1,FRAUD
2600,0,NORMAL
2601,0,NORMAL
2602,0,NORMAL
2603,1,FRAUD
2604,0,NORMAL
2605,1,FRAUD
2606,0,NORMAL
2607,0,NORMAL
2608,0,NORMAL
2609,1,FRAUD
2610,1,FRAUD
2611,0,NORMAL
2612,0,NORMAL
2613,0,NORMAL
2614,0,NORMAL
2615,0,NORMAL
2616,1,FRAUD
2617,1,FRAUD
2618,1,FRAUD
2619,0,NORMAL
2620,0,NORMAL
2621,0,NORMAL
2622,1,FRAUD
2623,0,NORMAL
2624,1,FRAUD
2625,0,NORMAL
2626,0,NORMAL
2627,1,FRAUD
2628,1,FRAUD
2629,0,NORMAL
2630,0,NORMAL
2631,1,FRAUD
2632,0,NORMAL
2633,0,NORMAL
2634,1,FRAUD
2635,1,FRAUD
2636,1,FRAUD
2637,0,NORMAL
2638,0,NORMAL
2639,1,FRAUD
2640,0,NORMAL
2641,1,FRAUD
2642,1,FRAUD
2643,1,FRAUD
2644,1,FRAUD
2645,0,NORMAL
2646,0,NORMAL
2647,1,FRAUD
2648,0,NORMAL
2649,0,NORMAL
2650,0,NORMAL
2651,1,FRAUD
2652,0,NORMAL
2653,1,FRAUD
2654,1,FRAUD
2655,1,FRAUD
2656,0,NORMAL
2657,1,FRAUD
2658,0,NORMAL
2659,0,NORMAL
2660,1,FRAUD
2661,1,FRAUD
2662,1,FRAUD
2663,0,NORMAL
2664,1,FRAUD
2665,1,FRAUD
2666,0,NORMAL
2667,1,FRAUD
2668,1,FRAUD
2669,1,FRAUD
2670,1,FRAUD
2671,0,NORMAL
2672,1,FRAUD
2673,1,FRAUD
2674,0,NORMAL
2675,1,FRAUD
2676,0,NORMAL
2677,1,FRAUD
2678,0,NORMAL
2679,0,NORMAL
2680,0,NORMAL
2681,0,NORMAL
2682,1,FRAUD
2683,1,FRAUD
2684,0,NORMAL
2685,0,NORMAL
2686,0,NORMAL
2687,0,NORMAL
2688,0,NORMAL
2689,0,NORMAL
2690,0,NORMAL
2691,0,NORMAL
2692,0,NORMAL
2693,1,FRAUD
2694,1,FRAUD
2695,0,NORMAL
2696,0,NORMAL
2697,0,NORMAL
2698,1,FRAUD
2699,0,NORMAL
2700,1,FRAUD
2701,1,FRAUD
2702,0,NORMAL
2703,0,NORMAL
2704,1,FRAUD
2705,0,NORMAL
2706,1,FRAUD
2707,1,FRAUD
2708,0,NORMAL
2709,0,NORMAL
2710,0,NORMAL
2711,1,FRAUD
2712,1,FRAUD
2713,0,NORMAL
2714,1,FRAUD
2715,0,NORMAL
2716,0,NORMAL
2717,0,NORMAL
2718,0,NORMAL
2719,0,NORMAL
2720,1,FRAUD
2721,1,FRAUD
2722,0,NORMAL
2723,0,NORMAL
2724,0,NORMAL
2725,0,NORMAL
2726,0,NORMAL
2727,1,FRAUD
2728,1,FRAUD
2729,1,FRAUD
2730,1,FRAUD
2731,1,FRAUD
2732,1,FRAUD
2733,0,NORMAL
2734,0,NORMAL
2735,1,FRAUD
2736,0,NORMAL
2737,1,FRAUD
2738,1,FRAUD
2739,1,FRAUD
2740,1,FRAUD
2741,1,FRAUD
2742,1,FRAUD
2743,1,FRAUD
2744,0,NORMAL
2745,1,FRAUD
2746,0,NORMAL
2747,1,FRAUD
2748,0,NORMAL
2749,1,FRAUD
2750,1,FRAUD
2751,1,FRAUD
2752,1,FRAUD
2753,1,FRAUD
2754,0,NORMAL
2755,1,FRAUD
2756,0,NORMAL
2757,0,NORMAL
2758,1,FRAUD
2759,0,NORMAL
2760,0,NORMAL
2761,0,NORMAL
2762,0,NORMAL
2763,1,FRAUD
2764,0,NORMAL
2765,0,NORMAL
2766,0,NORMAL
2767,1,FRAUD
2768,0,NORMAL
2769,0,NORMAL
2770,1,FRAUD
2771,0,NORMAL
2772,0,NORMAL
2773,1,FRAUD
2774,1,FRAUD
2775,0,NORMAL
2776,0,NORMAL
2777,1,FRAUD
2778,0,NORMAL
2779,1,FRAUD
2780,1,FRAUD
2781,1,FRAUD
2782,0,NORMAL
2783,1,FRAUD
2784,0,NORMAL
2785,1,FRAUD
2786,1,FRAUD
2787,0,NORMAL
2788,0,NORMAL
2789,0,NORMAL
2790,1,FRAUD
2791,0,NORMAL
2792,0,NORMAL
2793,1,FRAUD
2794,0,NORMAL
2795,1,FRAUD
2796,1,FRAUD
2797,0,NORMAL
2798,0,NORMAL
2799,1,FRAUD
2800,0,NORMAL
2801,0,NORMAL
2802,0,NORMAL
2803,1,FRAUD
2804,1,FRAUD
2805,0,NORMAL
2806,0,NORMAL
2807,1,FRAUD
2808,1,FRAUD
2809,1,FRAUD
2810,0,NORMAL
2811,1,FRAUD
2812,1,FRAUD
2813,1,FRAUD
2814,0,NORMAL
2815,1,FRAUD
2816,0,NORMAL
2817,1,FRAUD
2818,0,NORMAL
2819,1,FRAUD
2820,0,NORMAL
2821,0,NORMAL
2822,0,NORMAL
2823,1,FRAUD
2824,0,NORMAL
2825,1,FRAUD
2826,0,NORMAL
2827,0,NORMAL
2828,0,NORMAL
2829,0,NORMAL
2830,0,NORMAL
2831,1,FRAUD
2832,1,FRAUD
2833,1,FRAUD
2834,0,NORMAL
2835,0,NORMAL
2836,1,FRAUD
2837,1,FRAUD
2838,0,NORMAL
2839,1,FRAUD
2840,1,FRAUD
2841,1,FRAUD
2842,0,NORMAL
2843,1,FRAUD
2844,0,NORMAL
2845,0,NORMAL
2846,0,NORMAL
2847,0,NORMAL
2848,0,NORMAL
2849,1,FRAUD
2850,1,FRAUD
2851,1,FRAUD
2852,0,NORMAL
2853,0,NORMAL
2854,0,NORMAL
2855,0,NORMAL
2856,0,NORMAL
2857,1,FRAUD
2858,1,FRAUD
2859,0,NORMAL
2860,0,NORMAL
2861,1,FRAUD
2862,0,NORMAL
2863,0,NORMAL
2864,1,FRAUD
2865,0,NORMAL
2866,0,NORMAL
2867,1,FRAUD
2868,1,FRAUD
2869,1,FRAUD
2870,1,FRAUD
2871,0,NORMAL
2872,0,NORMAL
2873,1,FRAUD
2874,0,NORMAL
2875,1,FRAUD
2876,0,NORMAL
2877,0,NORMAL
2878,1,FRAUD
2879,1,FRAUD
2880,1,FRAUD
2881,0,NORMAL
2882,0,NORMAL
2883,1,FRAUD
2884,1,FRAUD
2885,0,NORMAL
2886,1,FRAUD
2887,0,NORMAL
2888,0,NORMAL
2889,0,NORMAL
2890,0,NORMAL
2891,0,NORMAL
2892,0,NORMAL
2893,1,FRAUD
2894,0,NORMAL
2895,0,NORMAL
2896,0,NORMAL
2897,1,FRAUD
2898,1,FRAUD
2899,1,FRAUD
2900,1,FRAUD
2901,1,FRAUD
2902,1,FRAUD
2903,0,NORMAL
2904,0,NORMAL
2905,0,NORMAL
2906,0,NORMAL
2907,0,NORMAL
2908,1,FRAUD
2909,0,NORMAL
2910,0,NORMAL
2911,1,FRAUD
2912,1,FRAUD
2913,1,FRAUD
2914,0,NORMAL
2915,1,FRAUD
2916,0,NORMAL
2917,0,NORMAL
2918,0,NORMAL
2919,1,FRAUD
2920,1,FRAUD
2921,1,FRAUD
2922,1,FRAUD
2923,1,FRAUD
2924,1,FRAUD
2925,1,FRAUD
2926,0,NORMAL
2927,0,NORMAL
2928,1,FRAUD
2929,1,FRAUD
2930,1,FRAUD
2931,0,NORMAL
2932,1,FRAUD
2933,0,NORMAL
2934,1,FRAUD
2935,1,FRAUD
2936,0,NORMAL
2937,1,FRAUD
2938,0,NORMAL
2939,1,FRAUD
2940,1,FRAUD
2941,1,FRAUD
2942,0,NORMAL
2943,0,NORMAL
2944,0,NORMAL
2945,1,FRAUD
2946,1,FRAUD
2947,1,FRAUD
2948,0,NORMAL
2949,0,NORMAL
2950,0,NORMAL
2951,0,NORMAL
2952,0,NORMAL
2953,1,FRAUD
2954,1,FRAUD
2955,1,FRAUD
2956,1,FRAUD
2957,1,FRAUD
2958,1,FRAUD
2959,1,FRAUD
2960,1,FRAUD
2961,0,NORMAL
2962,0,NORMAL
2963,0,NORMAL
2964,0,NORMAL
2965,0,NORMAL
2966,1,FRAUD
2967,1,FRAUD
2968,1,FRAUD
2969,0,NORMAL
2970,0,NORMAL
2971,1,FRAUD
2972,0,NORMAL
2973,0,NORMAL
2974,0,NORMAL
2975,1,FRAUD
2976,1,FRAUD
2977,1,FRAUD
2978,0,NORMAL
2979,1,FRAUD
2980,1,FRAUD
2981,0,NORMAL
2982,1,FRAUD
2983,0,NORMAL
2984,0,NORMAL
2985,0,NORMAL
2986,0,NORMAL
2987,1,FRAUD
2988,1,FRAUD
2989,1,FRAUD
2990,1,FRAUD
2991,1,FRAUD
2992,1,FRAUD
2993,0,NORMAL
2994,0,NORMAL
2995,1,FRAUD
2996,1,FRAUD
2997,0,NORMAL
2998,0,NORMAL
2999,0,NORMAL
3000,1,FRAUD
3001,1,FRAUD
3002,0,NORMAL
3003,0,NORMAL
3004,0,NORMAL
3005,1,FRAUD
3006,0,NORMAL
3007,0,NORMAL
3008,1,FRAUD
3009,1,FRAUD
3010,1,FRAUD
3011,0,NORMAL
3012,0,NORMAL
3013,1,FRAUD
3014,0,NORMAL
3015,1,FRAUD
3016,0,NORMAL
3017,1,FRAUD
3018,1,FRAUD
3019,0,NORMAL
3020,1,FRAUD
3021,0,NORMAL
3022,0,NORMAL
3023,0,NORMAL
3024,1,FRAUD
3025,1,FRAUD
3026,0,NORMAL
3027,1,FRAUD
3028,0,NORMAL
3029,1,FRAUD
3030,1,FRAUD
3031,0,NORMAL
3032,0,NORMAL
3033,0,NORMAL
3034,1,FRAUD
3035,1,FRAUD
3036,0,NORMAL
3037,1,FRAUD
3038,0,NORMAL
3039,1,FRAUD
3040,0,NORMAL
3041,0,NORMAL
3042,1,FRAUD
3043,1,FRAUD
3044,0,NORMAL
3045,1,FRAUD
3046,0,NORMAL
3047,0,NORMAL
3048,0,NORMAL
3049,1,FRAUD
3050,1,FRAUD
3051,0,NORMAL
3052,0,NORMAL
3053,1,FRAUD
3054,0,NORMAL
3055,1,FRAUD
3056,0,NORMAL
3057,1,FRAUD
3058,0,NORMAL
3059,0,NORMAL
3060,0,NORMAL
3061,1,FRAUD
3062,1,FRAUD
3063,0,NORMAL
3064,0,NORMAL
3065,0,NORMAL
3066,0,NORMAL
3067,1,FRAUD
3068,1,FRAUD
3069,1,FRAUD
3070,0,NORMAL
3071,0,NORMAL
3072,0,NORMAL
3073,0,NORMAL
3074,0,NORMAL
3075,1,FRAUD
3076,0,NORMAL
3077,0,NORMAL
3078,1,FRAUD
3079,1,FRAUD
3080,1,FRAUD
3081,1,FRAUD
3082,1,FRAUD
3083,1,FRAUD
3084,1,FRAUD
3085,1,FRAUD
3086,0,NORMAL
3087,1,FRAUD
3088,0,NORMAL
3089,0,NORMAL
3090,0,NORMAL
3091,1,FRAUD
3092,0,NORMAL
3093,0,NORMAL
3094,0,NORMAL
3095,1,FRAUD
3096,0,NORMAL
3097,1,FRAUD
3098,1,FRAUD
3099,0,NORMAL
3100,1,FRAUD
3101,1,FRAUD
3102,1,FRAUD
3103,1,FRAUD
3104,0,NORMAL
3105,0,NORMAL
3106,0,NORMAL
3107,0,NORMAL
3108,1,FRAUD
3109,0,NORMAL
3110,0,NORMAL
3111,0,NORMAL
3112,1,FRAUD
3113,1,FRAUD
3114,0,NORMAL
3115,1,FRAUD
3116,1,FRAUD
3117,0,NORMAL
3118,0,NORMAL
3119,1,FRAUD
3120,0,NORMAL
3121,0,NORMAL
3122,1,FRAUD
3123,1,FRAUD
3124,1,FRAUD
3125,0,NORMAL
3126,0,NORMAL
3127,0,NORMAL
3128,0,NORMAL
3129,0,NORMAL
3130,0,NORMAL
3131,0,NORMAL
3132,0,NORMAL
3133,0,NORMAL
3134,1,FRAUD
3135,0,NORMAL
3136,1,FRAUD
3137,1,FRAUD
3138,1,FRAUD
3139,0,NORMAL
3140,0,NORMAL
3141,0,NORMAL
3142,0,NORMAL
3143,0,NORMAL
3144,1,FRAUD
3145,0,NORMAL
3146,0,NORMAL
3147,1,FRAUD
3148,0,NORMAL
3149,0,NORMAL
3150,1,FRAUD
3151,0,NORMAL
3152,1,FRAUD
3153,0,NORMAL
3154,0,NORMAL
3155,1,FRAUD
3156,1,FRAUD
3157,1,FRAUD
3158,0,NORMAL
3159,0,NORMAL
3160,0,NORMAL
3161,0,NORMAL
3162,1,FRAUD
3163,1,FRAUD
3164,1,FRAUD
3165,1,FRAUD
3166,1,FRAUD
3167,1,FRAUD
3168,1,FRAUD
3169,1,FRAUD
3170,1,FRAUD
3171,0,NORMAL
3172,1,FRAUD
3173,1,FRAUD
3174,0,NORMAL
3175,1,FRAUD
3176,1,FRAUD
3177,0,NORMAL
3178,1,FRAUD
3179,0,NORMAL
3180,0,NORMAL
3181,1,FRAUD
3182,1,FRAUD
3183,0,NORMAL
3184,0,NORMAL
3185,1,FRAUD
3186,0,NORMAL
3187,1,FRAUD
3188,1,FRAUD
3189,1,FRAUD
3190,0,NORMAL
3191,0,NORMAL
3192,0,NORMAL
3193,1,FRAUD
3194,1,FRAUD
3195,1,FRAUD
3196,0,NORMAL
3197,0,NORMAL
3198,0,NORMAL
3199,0,NORMAL
3200,1,FRAUD
3201,0,NORMAL
3202,1,FRAUD
3203,1,FRAUD
3204,1,FRAUD
3205,1,FRAUD
3206,1,FRAUD
3207,1,FRAUD
3208,0,NORMAL
3209,1,FRAUD
3210,0,NORMAL
3211,0,NORMAL
3212,0,NORMAL
3213,0,NORMAL
3214,0,NORMAL
3215,0,NORMAL
3216,1,FRAUD
3217,1,FRAUD
3218,1,FRAUD
3219,0,NORMAL
3220,0,NORMAL
3221,0,NORMAL
3222,0,NORMAL
3223,0,NORMAL
3224,1,FRAUD
3225,1,FRAUD
3226,1,FRAUD
3227,1,FRAUD
3228,0,NORMAL
3229,0,NORMAL
3230,0,NORMAL
3231,1,FRAUD
3232,1,FRAUD
3233,1,FRAUD
3234,0,NORMAL
3235,0,NORMAL
3236,1,FRAUD
3237,0,NORMAL
3238,1,FRAUD
3239,0,NORMAL
3240,0,NORMAL
3241,1,FRAUD
3242,1,FRAUD
3243,1,FRAUD
3244,0,NORMAL
3245,0,NORMAL
3246,0,NORMAL
3247,1,FRAUD
3248,0,NORMAL
3249,1,FRAUD
3250,0,NORMAL
3251,0,NORMAL
3252,1,FRAUD
3253,0,NORMAL
3254,1,FRAUD
3255,0,NORMAL
3256,0,NORMAL
3257,0,NORMAL
3258,1,FRAUD
3259,0,NORMAL
3260,1,FRAUD
3261,1,FRAUD
3262,0,NORMAL
3263,1,FRAUD
3264,0,NORMAL
3265,1,FRAUD
3266,0,NORMAL
3267,1,FRAUD
3268,0,NORMAL
3269,0,NORMAL
3270,1,FRAUD
3271,1,FRAUD
3272,0,NORMAL
3273,0,NORMAL
3274,0,NORMAL
3275,0,NORMAL
3276,1,FRAUD
3277,0,NORMAL
3278,0,NORMAL
3279,0,NORMAL
3280,1,FRAUD
3281,0,NORMAL
3282,1,FRAUD
3283,1,FRAUD
3284,1,FRAUD
3285,1,FRAUD
3286,0,NORMAL
3287,1,FRAUD
3288,1,FRAUD
3289,1,FRAUD
3290,0,NORMAL
3291,0,NORMAL
3292,1,FRAUD
3293,0,NORMAL
3294,0,NORMAL
3295,0,NORMAL
3296,1,FRAUD
3297,0,NORMAL
3298,0,NORMAL
3299,1,FRAUD
3300,0,NORMAL
3301,1,FRAUD
3302,0,NORMAL
3303,0,NORMAL
3304,1,FRAUD
3305,1,FRAUD
3306,0,NORMAL
3307,0,NORMAL
3308,0,NORMAL
3309,1,FRAUD
3310,1,FRAUD
3311,0,NORMAL
3312,0,NORMAL
3313,1,FRAUD
3314,1,FRAUD
3315,0,NORMAL
3316,0,NORMAL
3317,0,NORMAL
3318,0,NORMAL
3319,0,NORMAL
3320,0,NORMAL
3321,1,FRAUD
3322,0,NORMAL
3323,1,FRAUD
3324,1,FRAUD
3325,1,FRAUD
3326,0,NORMAL
3327,0,NORMAL
3328,0,NORMAL
3329,1,FRAUD
3330,0,NORMAL
3331,1,FRAUD
3332,1,FRAUD
3333,1,FRAUD
3334,0,NORMAL
3335,1,FRAUD
3336,0,NORMAL
3337,1,FRAUD
3338,0,NORMAL
3339,0,NORMAL
3340,1,FRAUD
3341,1,FRAUD
3342,1,FRAUD
3343,1,FRAUD
3344,0,NORMAL
3345,0,NORMAL
3346,0,NORMAL
3347,1,FRAUD
3348,0,NORMAL
3349,0,NORMAL
3350,0,NORMAL
3351,0,NORMAL
3352,1,FRAUD
3353,0,NORMAL
3354,0,NORMAL
3355,0,NORMAL
3356,0,NORMAL
3357,1,FRAUD
3358,1,FRAUD
3359,1,FRAUD
3360,1,FRAUD
3361,1,FRAUD
3362,1,FRAUD
3363,1,FRAUD
3364,1,FRAUD
3365,0,NORMAL
3366,0,NORMAL
3367,0,NORMAL
3368,1,FRAUD
3369,1,FRAUD
3370,0,NORMAL
3371,0,NORMAL
3372,1,FRAUD
3373,0,NORMAL
3374,0,NORMAL
3375,0,NORMAL
3376,0,NORMAL
3377,0,NORMAL
3378,0,NORMAL
3379,1,FRAUD
3380,0,NORMAL
3381,1,FRAUD
3382,0,NORMAL
3383,0,NORMAL
3384,1,FRAUD
3385,0,NORMAL
3386,1,FRAUD
3387,0,NORMAL
3388,0,NORMAL
3389,0,NORMAL
3390,1,FRAUD
3391,1,FRAUD
3392,0,NORMAL
3393,1,FRAUD
3394,0,NORMAL
3395,0,NORMAL
3396,0,NORMAL
3397,0,NORMAL
3398,1,FRAUD
3399,0,NORMAL
3400,0,NORMAL
3401,0,NORMAL
3402,0,NORMAL
3403,0,NORMAL
3404,0,NORMAL
3405,1,FRAUD
3406,0,NORMAL
3407,0,NORMAL
3408,0,NORMAL
3409,0,NORMAL
3410,1,FRAUD
3411,1,FRAUD
3412,0,NORMAL
3413,1,FRAUD
3414,0,NORMAL
3415,0,NORMAL
3416,0,NORMAL
3417,0,NORMAL
3418,1,FRAUD
3419,0,NORMAL
3420,0,NORMAL
3421,0,NORMAL
3422,0,NORMAL
3423,1,FRAUD
3424,1,FRAUD
3425,0,NORMAL
3426,1,FRAUD
3427,0,NORMAL
3428,0,NORMAL
3429,0,NORMAL
3430,0,NORMAL
3431,1,FRAUD
3432,0,NORMAL
3433,0,NORMAL
3434,1,FRAUD
3435,1,FRAUD
3436,1,FRAUD
3437,1,FRAUD
3438,0,NORMAL
3439,1,FRAUD
3440,1,FRAUD
3441,0,NORMAL
3442,1,FRAUD
3443,0,NORMAL
3444,1,FRAUD
3445,0,NORMAL
3446,1,FRAUD
3447,0,NORMAL
3448,1,FRAUD
3449,1,FRAUD
3450,0,NORMAL
3451,0,NORMAL
3452,0,NORMAL
3453,1,FRAUD
3454,1,FRAUD
3455,0,NORMAL
3456,1,FRAUD
3457,1,FRAUD
3458,0,NORMAL
3459,1,FRAUD
3460,0,NORMAL
3461,0,NORMAL
3462,1,FRAUD
3463,0,NORMAL
3464,0,NORMAL
3465,0,NORMAL
3466,1,FRAUD
3467,0,NORMAL
3468,0,NORMAL
3469,1,FRAUD
3470,0,NORMAL
3471,1,FRAUD
3472,0,NORMAL
3473,0,NORMAL
3474,1,FRAUD
3475,0,NORMAL
3476,0,NORMAL
3477,1,FRAUD
3478,1,FRAUD
3479,1,FRAUD
3480,0,NORMAL
3481,1,FRAUD
3482,1,FRAUD
3483,1,FRAUD
3484,1,FRAUD
3485,1,FRAUD
3486,0,NORMAL
3487,1,FRAUD
3488,0,NORMAL
3489,1,FRAUD
3490,0,NORMAL
3491,0,NORMAL
3492,1,FRAUD
3493,1,FRAUD
3494,1,FRAUD
3495,0,NORMAL
3496,0,NORMAL
3497,0,NORMAL
3498,1,FRAUD
3499,0,NORMAL
3500,0,NORMAL
3501,1,FRAUD
3502,1,FRAUD
3503,1,FRAUD
3504,0,NORMAL
3505,0,NORMAL
3506,1,FRAUD
3507,1,FRAUD
3508,1,FRAUD
3509,0,NORMAL
3510,0,NORMAL
3511,1,FRAUD
3512,0,NORMAL
3513,0,NORMAL
3514,0,NORMAL
3515,0,NORMAL
3516,0,NORMAL
3517,0,NORMAL
3518,0,NORMAL
3519,1,FRAUD
3520,0,NORMAL
3521,1,FRAUD
3522,1,FRAUD
3523,0,NORMAL
3524,1,FRAUD
3525,0,NORMAL
3526,0,NORMAL
3527,0,NORMAL
3528,0,NORMAL
3529,0,NORMAL
3530,0,NORMAL
3531,1,FRAUD
3532,1,FRAUD
3533,1,FRAUD
3534,0,NORMAL
3535,0,NORMAL
3536,1,FRAUD
3537,1,FRAUD
3538,0,NORMAL
3539,0,NORMAL
3540,1,FRAUD
3541,1,FRAUD
3542,1,FRAUD
3543,0,NORMAL
3544,1,FRAUD
3545,1,FRAUD
3546,0,NORMAL
3547,0,NORMAL
3548,0,NORMAL
3549,1,FRAUD
3550,0,NORMAL
3551,1,FRAUD
3552,0,NORMAL
3553,1,FRAUD
3554,1,FRAUD
3555,0,NORMAL
3556,0,NORMAL
3557,0,NORMAL
3558,0,NORMAL
3559,1,FRAUD
3560,0,NORMAL
3561,0,NORMAL
3562,1,FRAUD
3563,0,NORMAL
3564,0,NORMAL
3565,0,NORMAL
3566,1,FRAUD
3567,0,NORMAL
3568,1,FRAUD
3569,0,NORMAL
3570,0,NORMAL
3571,0,NORMAL
3572,0,NORMAL
3573,0,NORMAL
3574,0,NORMAL
3575,0,NORMAL
3576,1,FRAUD
3577,0,NORMAL
3578,1,FRAUD
3579,1,FRAUD
3580,1,FRAUD
3581,0,NORMAL
3582,1,FRAUD
3583,1,FRAUD
3584,0,NORMAL
3585,1,FRAUD
3586,0,NORMAL
3587,0,NORMAL
3588,1,FRAUD
3589,1,FRAUD
3590,0,NORMAL
3591,1,FRAUD
3592,0,NORMAL
3593,1,FRAUD
3594,0,NORMAL
3595,1,FRAUD
3596,1,FRAUD
3597,0,NORMAL
3598,1,FRAUD
3599,0,NORMAL
3600,1,FRAUD
3601,1,FRAUD
3602,1,FRAUD
3603,1,FRAUD
3604,0,NORMAL
3605,0,NORMAL
3606,1,FRAUD
3607,1,FRAUD
3608,0,NORMAL
3609,1,FRAUD
3610,0,NORMAL
3611,1,FRAUD
3612,0,NORMAL
3613,1,FRAUD
3614,0,NORMAL
3615,1,FRAUD
3616,1,FRAUD
3617,1,FRAUD
3618,0,NORMAL
3619,0,NORMAL
3620,1,FRAUD
3621,1,FRAUD
3622,1,FRAUD
3623,0,NORMAL
3624,0,NORMAL
3625,1,FRAUD
3626,0,NORMAL
3627,0,NORMAL
3628,1,FRAUD
3629,0,NORMAL
3630,0,NORMAL
3631,0,NORMAL
3632,1,FRAUD
3633,1,FRAUD
3634,0,NORMAL
3635,0,NORMAL
3636,1,FRAUD
3637,0,NORMAL
3638,1,FRAUD
3639,0,NORMAL
3640,1,FRAUD
3641,0,NORMAL
3642,0,NORMAL
3643,0,NORMAL
3644,0,NORMAL
3645,0,NORMAL
3646,1,FRAUD
3647,0,NORMAL
3648,0,NORMAL
3649,1,FRAUD
3650,0,NORMAL
3651,1,FRAUD
3652,0,NORMAL
3653,0,NORMAL
3654,0,NORMAL
3655,1,FRAUD
3656,0,NORMAL
3657,0,NORMAL
3658,1,FRAUD
3659,0,NORMAL
3660,1,FRAUD
3661,0,NORMAL
3662,0,NORMAL
3663,1,FRAUD
3664,0,NORMAL
3665,0,NORMAL
3666,0,NORMAL
3667,1,FRAUD
3668,0,NORMAL
3669,1,FRAUD
3670,0,NORMAL
3671,0,NORMAL
3672,0,NORMAL
3673,0,NORMAL
3674,1,FRAUD
3675,1,FRAUD
3676,0,NORMAL
3677,0,NORMAL
3678,1,FRAUD
3679,0,NORMAL
3680,1,FRAUD
3681,0,NORMAL
3682,1,FRAUD
3683,1,FRAUD
3684,0,NORMAL
3685,1,FRAUD
3686,1,FRAUD
3687,0,NORMAL
3688,0,NORMAL
3689,0,NORMAL
3690,1,FRAUD
3691,0,NORMAL
3692,1,FRAUD
3693,0,NORMAL
3694,1,FRAUD
3695,1,FRAUD
3696,0,NORMAL
3697,0,NORMAL
3698,0,NORMAL
3699,0,NORMAL
3700,1,FRAUD
3701,1,FRAUD
3702,1,FRAUD
3703,1,FRAUD
3704,0,NORMAL
3705,1,FRAUD
3706,0,NORMAL
3707,1,FRAUD
3708,1,FRAUD
3709,1,FRAUD
3710,1,FRAUD
3711,0,NORMAL
3712,0,NORMAL
